file_size_bytes,file_size_label,PQSCAAS_server,PQSCAAS_server_std
1024,1 KB,0.5595493191278361,0.07482482190793253
10240,10 KB,0.5671181364662905,0.08443053760422559
102400,100 KB,0.5989596198278013,0.08061404800844316
1048576,1 MB,0.5969811996513712,0.08801730652539284
10485760,10 MB,0.6470613823956306,0.09202920535846594
104857600,100 MB,0.6478397570224306,0.0739220521314658
