lambda,batch_size,PQSCAAS_per_req,PQSCAAS_per_req_std
10,1,0.6076324288159871,0.09662991874502888
25,1,0.5801722965231179,0.07136024461351285
50,1,0.5927916503028259,0.07914715389788032
100,1,0.6078714603648386,0.07324790241277958
250,2,0.5855128828201542,0.0603609770105579
500,3,0.5782987167958261,0.045524889883606943
1000,6,0.583216050817157,0.033318289910568094
2000,12,0.5741728819651439,0.018292208043816073
5000,31,0.5758821442962061,0.012660256152192031
